Signal_HU,std_HU,Noise_HU,std_Noise,CNR_HU
403.58417830495506,293.1807136909617,106.34236129371548,189.25395627214326,1.5705976396277392
81.64425100440023,40.1244571949448,39.76650013147515,63.40894293971672,0.660439189354387
78.2913717237421,37.89354617805632,37.23081777544044,65.44189480465586,0.627435285467627
71.52104457623876,32.48455486507719,37.994267683407834,62.51492816731269,0.5363003345873018
61.719533193036156,28.911897321131832,35.13641861688141,54.8089359973787,0.4850142425210757
