Signal_HU,Noise_HU,CNR_HU,Signal_Kedge,Noise_Kedge,CNR_Kedge
54.12903225806452,63.9766081871345,-0.24685711029821722,0.12193548387096824,0.35953216374269026,-0.4250160689913583
36.354838709677416,47.74269005847953,-0.6047747226682428,0.3838709677419359,0.28818713450292455,1.0465720904054767
42.45161290322581,54.35087719298246,-0.5466965211070379,0.1741935483870966,0.21777777777777815,-0.344440514931037
24.806451612903224,42.1578947368421,-0.6364331435074099,0.11677419354838817,0.12350877192982544,-0.04799047011110315
50.354838709677416,53.87134502923977,-0.24642671078027883,0.19806451612903206,0.133099415204679,0.8490801774882392
