Signal_HU,Noise_HU,CNR_HU,Signal_Kedge,Noise_Kedge,CNR_Kedge
-96.52631578947368,-92.52272727272727,-0.08117476270111647,0.0,0.00636363636363639,-0.23372319715296191
115.57894736842105,111.79545454545455,0.38637258358030957,0.31052631578947415,0.3200000000000007,-0.1941174604792759
100.78947368421052,91.6590909090909,1.140511108138495,0.3410526315789474,0.3331818181818184,0.20027959222830521
80.0,75.75,0.42624909316154985,0.16842105263157892,0.16318181818181826,0.2174002759876974
82.6842105263158,80.04545454545455,0.28924894904819215,0.1063157894736855,0.12590909090909178,-0.6960615057553148
