Signal_HU,Volume,Normalized_Signal,Noise_HU,Noise_Volume,Normalized_Noise,CNR_HU
67.99610288386594,1924.5,0.035331827946929566,83.74872680189901,2896.25,0.02891626303043557,-0.12220783211041626
87.56378280072747,1924.5,0.045499497428281355,45.31355200690548,2896.25,0.015645594132725243,0.8651979766701597
79.1175630033775,1924.5,0.041110710835737856,43.29257660768235,2896.25,0.01494780374887608,0.7818042147728747
72.45908028059236,1924.5,0.03765086010942705,42.33206732844195,2896.25,0.01461616480912972,0.6038304043756835
57.42530527409717,1924.5,0.029839077824940073,39.3963746223565,2896.25,0.013602546265811479,0.47351917027257295
