Signal_HU,Noise_HU,CNR_HU,Signal_Kedge,Noise_Kedge,CNR_Kedge
526.6,433.962441314554,0.49944691834164284,8.118333333333334,6.701220657276996,0.6945702759669062
35.0,-73.67605633802818,0.43411278946727017,0.0,0.01380281690140849,-0.2263832927236625
6.133333333333334,-109.28638497652582,0.4223306840978165,0.0023333333333333426,0.01812206572769956,-0.19660710389120256
22.816666666666666,-108.6244131455399,0.4533264464153515,0.0,0.00018779342723004294,-0.06868028197434449
-33.31666666666667,-214.88262910798122,0.4758430373805903,0.01033333333333341,0.001784037558685458,0.5038621737103943
