Signal_HU,Noise_HU,CNR_HU,Signal_Kedge,Noise_Kedge,CNR_Kedge
70.13953488372093,80.41621621621621,-0.10202274899334864,,,
38.23255813953488,47.66486486486487,-0.35505041453191233,,,
57.74418604651163,67.86486486486487,-0.3672571791810284,,,
45.86046511627907,45.67027027027027,0.008008306726488883,,,
45.30232558139535,40.77837837837838,0.11134673059510337,,,
