Signal_HU,Noise_HU,CNR_HU,Signal_Kedge,Noise_Kedge,CNR_Kedge
-122.38888888888889,-105.72727272727273,-0.7175648482161362,2.6055555555555556,2.618636363636364,-0.1406978198507342
85.22222222222223,84.81818181818181,0.020540611678849206,0.04444444444444508,0.03909090909090971,0.11369019825782002
89.83333333333333,82.25,0.4247932739295912,0.16555555555555557,0.12227272727272749,0.5363206778210524
91.77777777777777,79.06818181818181,0.5884909986056377,0.2322222222222228,0.15045454545454587,0.6940035859827481
70.88888888888889,66.36363636363636,0.25152484773797823,0.0,0.0,
