Signal_HU,Noise_HU,CNR_HU,Signal_Kedge,Noise_Kedge,CNR_Kedge
58.98122066,-314.7484848,1.86260654,0.000657277,0.219878788,-1.036790969
76.76606684,101.2652582,-0.355715447,0.345706941,0.276384977,0.360726225
75.781491,99.80985915,-0.324007052,0.19562982,0.207183099,-0.067545266
75.58097686,97.88732394,-0.326533244,0.316246787,0.246666667,0.530475874
66.11053985,90.07276995,-0.335839844,0.016503856,0.014553991,0.069660867
