Signal_HU,Noise_HU,CNR_HU,Signal_Kedge,Noise_Kedge,CNR_Kedge
510.8243243243243,15.911111111111111,5.053132668708361,7.529054054054055,0.3634285714285719,16.75621446205671
86.0608108108108,83.41269841269842,0.06191446435838715,0.2595945945945949,0.30177777777777826,-0.10276061528866832
72.18243243243244,69.42539682539683,0.06541495378586734,0.275540540540541,0.30355555555555574,-0.0749732930417729
67.46621621621621,59.83174603174603,0.19421867104798965,0.1735135135135141,0.18406349206349248,-0.05899373698764678
58.763513513513516,53.114285714285714,0.1409279292901264,0.062162162162162374,0.04495238095238129,0.2618890750769035
