Signal_HU,STD_HU,Volume,Normalized_Signal,Noise_HU,STD_Noise,Noise_Volume,Normalized_Noise,CNR_HU
204.15973101265823,240.00015501430343,1580.0,0.1292150196282647,160.12527778988192,207.93532364720775,2868.625,0.055819522520330095,0.21176995062891335
81.21495253164557,28.0228700874979,1580.0,0.05140186869091491,32.022571789620464,51.54723426697121,2868.625,0.011163038664733265,0.9543165883013247
66.54762658227848,38.54477641225443,1580.0,0.04211875100144208,37.18968146760207,54.121246286483725,2868.625,0.012964288280134932,0.5424476916010762
58.254351265822784,34.1779030286174,1580.0,0.03686984257330556,35.43518236088718,52.77598241380369,2868.625,0.012352671527608935,0.4323779086861146
51.595569620253166,32.96527295318612,1580.0,0.03265542381028681,33.05459932894679,51.762463136544476,2868.625,0.011522802502574158,0.3581933541763082
