Signal_HU,Noise_HU,CNR_HU,Signal_Kedge,Noise_Kedge,CNR_Kedge
420.0,22.63905325443787,9.34280481037027,5.383750000000001,0.14213017751479334,41.74205831377123
71.96875,67.62721893491124,0.4333140231099488,0.0,0.0,
80.375,77.8698224852071,0.21065539442957118,0.0,0.0,
76.96875,71.8224852071006,0.39501220741578646,0.0,0.0,
82.0,80.01775147928994,0.20484733869910984,0.0,0.0,
