Signal_HU,Noise_HU,CNR_HU,Signal_Kedge,Noise_Kedge,CNR_Kedge
45.67225325884544,46.66492829204694,-0.04608605507708916,,,
70.84916201117318,79.98174706649283,-0.41952791087510627,,,
116.512104283054,97.30378096479791,0.6487457232827291,,,
102.34823091247672,95.98174706649283,0.12307017135732878,,,
98.98137802607076,91.19426336375489,0.20204953755903393,,,
