Signal_HU,Noise_HU,CNR_HU,Signal_Kedge,Noise_Kedge,CNR_Kedge
66.14406779661017,81.4280442804428,-0.37119142373078384,,,
138.33898305084745,130.8819188191882,0.36723812857498744,,,
232.27118644067798,150.76383763837637,4.317445136991536,,,
140.42372881355934,115.92619926199262,0.7540246814668299,,,
140.01694915254237,105.06273062730628,1.5654202925652232,,,
