Signal_HU,Noise_HU,CNR_HU,Signal_Kedge,Noise_Kedge,CNR_Kedge
22.771260997067447,31.66988416988417,-0.10786313849557674,0.004418377321603142,0.011872586872586894,-0.10380412408876329
105.34799608993157,59.818532818532816,1.0144979032504984,0.4430498533724345,0.1500965250965255,1.7718821404351977
100.13978494623656,66.31563706563706,0.5803009936660375,0.5848484848484855,0.37712355212355253,0.4042617627314761
111.79569892473118,81.59169884169884,0.41687464481886594,0.5931769305962861,0.5313899613899619,0.07403977733769246
84.930596285435,67.01351351351352,0.3103227113162078,0.29106549364613926,0.30841698841698867,-0.030763682515777963
