Signal_HU,Noise_HU,CNR_HU,Signal_Kedge,Noise_Kedge,CNR_Kedge
15.009360374414976,1.1223814773980154,0.07757089953440686,0.015663026521060875,0.0634840132304301,-0.2731206598960558
118.402496099844,66.74090407938257,0.7094914989346652,0.7031825273010925,0.43283351708930584,0.6220584823992324
118.70202808112325,73.47298787210585,0.5682089184980667,0.7982839313572548,0.6459977949283358,0.2194275708281929
122.82215288611545,77.95369349503859,0.5598332187916603,0.8285179407176291,0.636846747519295,0.3005980260858847
98.70358814352574,56.303197353914,0.6929092943754555,0.3935101404056169,0.31323042998897516,0.36241961862915784
