Signal_HU,Noise_HU,CNR_HU,Signal_Kedge,Noise_Kedge,CNR_Kedge
77.36323529411764,45.99913494809689,0.8107591118065111,,,
116.17058823529412,73.65570934256056,0.8314033732975165,,,
112.51911764705882,76.17301038062284,0.702240080436045,,,
96.5220588235294,72.71107266435986,0.44186380065049086,,,
70.75588235294117,59.219723183391004,0.20671810740996474,,,
