Signal_HU,Noise_HU,CNR_HU,Signal_Kedge,Noise_Kedge,CNR_Kedge
163.17032040472176,61.039396479463534,1.4295776031531982,,,
100.91736930860034,65.25481978206203,0.4366805119062014,,,
93.58178752107926,61.604358759430006,0.4088711172777052,,,
79.53625632377741,46.46186085498743,0.5096818193224419,,,
