Signal_HU,Noise_HU,CNR_HU,Signal_Kedge,Noise_Kedge,CNR_Kedge
-11.648484848484848,-11.87608069164265,0.0022089812272965198,0.14581818181818212,0.17075888568683986,-0.09426913419738979
129.81363636363636,68.35158501440922,0.6886156922036756,1.086333333333334,0.8049951969260333,0.3360786765820226
156.9257575757576,79.91258405379443,0.9207592942528848,1.4532424242424251,0.8148895292987518,0.847434686373254
158.9878787878788,81.14793467819405,0.8328197140357253,1.5593939393939398,0.9336599423631129,0.6412530453104887
144.79848484848486,77.07204610951008,0.7408716188109103,1.4556060606060615,0.9483765609990398,0.5703266389734286
