Signal_HU,Noise_HU,CNR_HU,Signal_Kedge,Noise_Kedge,CNR_Kedge
62.62316910785619,-2.5862324204293117,0.4680605837362752,,,
94.10918774966711,-2.2057735011102886,0.5577525418835133,,,
82.15046604527296,23.47298297557365,0.429233644562714,,,
86.22636484687084,45.3419689119171,0.28030983903263706,,,
80.5486018641811,54.803108808290155,0.31614419854979314,,,
