Signal_HU,Noise_HU,CNR_HU,Signal_Kedge,Noise_Kedge,CNR_Kedge
-92.94736842105263,-15.090225563909774,-0.8237222614079347,0.06969924812030122,0.18251879699248155,-0.4341373293953716
186.68796992481202,144.21052631578948,1.1040963917575488,2.2502255639097752,1.3401127819548877,1.4603977805127306
178.8796992481203,174.50751879699249,0.10132944163250426,1.9377443609022562,1.86921052631579,0.09025013172370673
211.51503759398497,194.656015037594,0.2465879163351388,2.572706766917294,2.226691729323309,0.2851325255871689
191.01127819548873,187.54323308270676,0.044954527692236276,2.3490977443609027,2.1890601503759406,0.12898811166977245
