Signal_HU,Noise_HU,CNR_HU,Signal_Kedge,Noise_Kedge,CNR_Kedge
79.24137931034483,114.29593810444874,-0.7335585106913968,,,
136.90344827586208,128.65570599613153,0.45132158060210564,,,
150.30344827586208,135.5880077369439,0.35658811992993034,,,
103.82068965517242,108.83172147001935,-0.1535763698134336,,,
