Signal_HU,Noise_HU,CNR_HU,Signal_Kedge,Noise_Kedge,CNR_Kedge
25.04597701149425,15.266871165644172,0.09727673532155821,0.0,0.014478527607361992,-0.17587724384245637
80.65517241379311,85.65644171779141,-0.27593283676788855,0.06965517241379346,0.19171779141104356,-0.658645218802344
173.10344827586206,119.3558282208589,1.7042169582840785,1.87241379310345,0.889018404907976,2.39835715585643
237.8505747126437,181.38343558282207,1.148120494180883,2.909885057471265,1.8917177914110437,1.1442974870819584
168.86206896551724,137.63803680981596,0.7592795558562231,1.6280459770114941,1.2031901840490804,0.5664050792175548
