Signal_HU,Noise_HU,CNR_HU,Signal_Kedge,Noise_Kedge,CNR_Kedge
3.3813559322033897,3.787313432835821,-0.004871880371111776,0.0,0.002910447761194034,-0.12042831784004594
148.4364406779661,128.30037313432837,0.8802679706155544,1.089915254237289,0.854477611940299,0.7916715846690879
173.2415254237288,143.76305970149255,0.8196023782064014,1.812881355932204,1.2981343283582096,0.7840616250127965
166.83050847457628,161.1082089552239,0.09276431342195071,1.5431355932203397,1.4468656716417916,0.09271349071980409
110.79661016949153,108.5410447761194,0.10543192567339772,0.6077966101694922,0.57384328358209,0.0994004332498285
