Signal_HU,Noise_HU,CNR_HU,Signal_Kedge,Noise_Kedge,CNR_Kedge
50.197435897435895,62.40625,-0.49456855644006575,,,
82.63333333333334,84.0359375,-0.06076491660149028,,,
112.76666666666667,93.209375,0.8342244532399751,,,
104.27948717948718,107.4328125,-0.06155824104777087,,,
97.38974358974359,100.9421875,-0.07579261551847793,,,
