Signal_HU,Noise_HU,CNR_HU,Signal_Kedge,Noise_Kedge,CNR_Kedge
17.17037037037037,8.537102473498233,0.08395746398753322,0.008444444444444475,0.013780918727915214,-0.06430365463656736
67.91851851851852,61.897526501766784,0.17376910753399108,0.1202962962962972,0.15307420494699694,-0.21320605145284402
77.58518518518518,101.06713780918727,-0.36493876893814897,0.3940740740740744,0.9089045936395764,-0.6894869897607655
225.54814814814816,144.13780918727915,0.9093418219030757,2.788888888888889,1.5613427561837465,0.9997882938600209
190.67407407407407,108.68551236749117,1.2696455016721553,2.2918518518518525,1.0336395759717323,1.8312359732180277
