Signal_HU,Noise_HU,CNR_HU,Signal_Kedge,Noise_Kedge,CNR_Kedge
82.03896103896103,-13.5,0.7383248594866931,0.5770129870129875,0.2800666666666672,1.0855594962357114
135.35714285714286,138.77333333333334,-0.044434930637325044,1.2794805194805199,1.653933333333334,-0.40007913800458555
240.51298701298703,139.16333333333333,1.596844490582549,3.1919480519480525,1.6114666666666673,2.4844465658170347
370.75324675324674,161.28333333333333,2.4242693337983185,5.395324675324676,2.074933333333334,3.165134802413565
378.31168831168833,160.35666666666665,2.7033349760532963,5.372207792207792,2.032066666666667,2.9751025301255347
