Signal_HU,Noise_HU,CNR_HU,Signal_Kedge,Noise_Kedge,CNR_Kedge
55.347150259067355,58.306990881458965,-0.17160430657708348,,,
63.55440414507772,42.848024316109424,0.3355321545723903,,,
86.80829015544042,88.47720364741642,-0.02251222290548991,,,
216.86010362694302,109.3677811550152,1.1952078903249848,,,
179.8082901554404,78.46808510638297,1.4128152688659534,,,
