Signal_HU,Noise_HU,CNR_HU,Signal_Kedge,Noise_Kedge,CNR_Kedge
-25.10096153846154,-8.320474777448071,-0.23406872043454663,0.002403846153846154,0.0011869436201780584,0.10424257025013613
98.72596153846153,107.23738872403561,-0.16001925597528915,0.3377884615384621,0.7408308605341252,-0.8794797549652323
167.76923076923077,128.6112759643917,0.6289697607850843,1.9181730769230778,1.3368545994065288,0.7991364370595597
304.11538461538464,130.74777448071217,2.374882529265006,4.000288461538462,1.2430267062314546,3.667833625053546
159.28846153846155,90.6379821958457,2.1398965942394312,1.477884615384616,0.5099703264094961,4.202480915579453
