Signal_HU,Noise_HU,CNR_HU,Signal_Kedge,Noise_Kedge,CNR_Kedge
64.26666666666667,89.17537313432835,-0.44540481757544614,,,
112.94444444444444,139.37686567164178,-1.6031745598615075,,,
229.3,151.86194029850745,3.0085128429988988,,,
179.05555555555554,115.57089552238806,3.2346996500001532,,,
