Signal_HU,Noise_HU,CNR_HU,Signal_Kedge,Noise_Kedge,CNR_Kedge
570.020979,-40.92198582,2.732795276,8.154265734,1.430992908,8.637523745
121.4710145,-138.3333333,1.056977936,0.87942029,0.314623656,2.43991413
139.6666667,-87.63799283,1.025104193,0.923623188,0.399426523,1.885666319
98.72463768,-82.01075269,0.874726172,0.563188406,0.191827957,2.005947538
86.88405797,-132.2293907,0.896059084,0.268405797,0.18172043,0.630132666
