Signal_HU,Noise_HU,CNR_HU,Signal_Kedge,Noise_Kedge,CNR_Kedge
58.98122066,-314.7484848,1.86260654,0.000657277,0.219878788,-1.036790969
87.39351852,-349.2095808,2.198330679,0.542685185,0.185628743,2.232044243
106.3888889,-277.1107784,1.916723705,0.847314815,0.307125749,2.501361986
83.46759259,-255.8892216,1.675180209,0.328611111,0.15502994,1.087981949
19.76851852,-376.5838323,1.755159464,0.123611111,0.067305389,0.594923755
