Signal_HU,Noise_HU,CNR_HU,Signal_Kedge,Noise_Kedge,CNR_Kedge
59.792682926829265,32.99152542372882,0.5823420182157765,,,
106.0691056910569,30.519774011299436,1.3572385634456279,,,
97.45121951219512,44.55367231638418,0.9609082825285621,,,
64.52439024390245,33.98870056497175,0.6357986193165982,,,
60.75609756097561,14.251412429378531,0.4946898420559295,,,
