Signal_HU,Noise_HU,CNR_HU,Signal_Kedge,Noise_Kedge,CNR_Kedge
467.4827586,60.54545455,10.85756701,6.072413793,0.310666667,19.91181605
74.84210526,50.29347826,0.552124367,0.642105263,0.469347826,1.034440824
73.76315789,55.31521739,0.36453062,0.566842105,0.507717391,0.299493121
68.18421053,50.72826087,0.476483113,0.394736842,0.387934783,0.029133313
-53.13157895,22.01630435,-0.995380356,0.282631579,0.460217391,-0.621294292
