Signal_HU,Noise_HU,CNR_HU,Signal_Kedge,Noise_Kedge,CNR_Kedge
223.95652173913044,46.31192660550459,4.68235461792921,,,
55.84057971014493,36.830275229357795,0.928030024536629,,,
54.492753623188406,37.940366972477065,0.944622448554743,,,
66.2463768115942,55.362385321100916,0.501502063807683,,,
54.10144927536232,48.38073394495413,0.3085485294887044,,,
