Signal_HU,Noise_HU,CNR_HU,Signal_Kedge,Noise_Kedge,CNR_Kedge
349.28712871287127,50.37903225806452,6.7897298137315545,,,
90.99009900990099,45.87903225806452,1.050235354657626,,,
96.4059405940594,59.125,0.9119605251973005,,,
71.73267326732673,49.104838709677416,0.6607669038665832,,,
66.11881188118812,51.67338709677419,0.45926051090111264,,,
