Signal_HU,Noise_HU,CNR_HU,Signal_Kedge,Noise_Kedge,CNR_Kedge
122.95098039215686,71.78313253012048,2.863060620598926,0.8009803921568633,0.17871485943775134,3.1324726531279157
115.5,81.81124497991968,2.0237631582999076,0.791568627450981,0.25373493975903666,3.424179162592235
111.48039215686275,89.33734939759036,1.436221346475701,0.41450980392156933,0.2360642570281131,1.3827426435950292
94.57843137254902,84.6706827309237,0.6340230128200852,0.24568627450980468,0.15967871485943821,1.2125506300209332
