Signal_HU,Noise_HU,CNR_HU,Signal_Kedge,Noise_Kedge,CNR_Kedge
132.48167539267016,64.80470588235295,1.2297780236618343,1.0031413612565452,0.4419294117647062,0.9093603641205485
117.0261780104712,57.371764705882356,1.0932465299026648,0.8120942408376967,0.38597647058823575,0.8999240774830785
104.07068062827226,60.588235294117645,0.8936959819289885,0.4521465968586393,0.36089411764705925,0.2641387587933936
70.29581151832461,58.96470588235294,0.30946330724527027,0.1635078534031417,0.2224941176470595,-0.2929854976422579
