Signal_HU,Noise_HU,CNR_HU,Signal_Kedge,Noise_Kedge,CNR_Kedge
142.00204081632654,69.78343949044586,1.3063705374191237,1.2106122448979597,0.48203821656050994,1.8312439733668964
123.17755102040816,63.49893842887474,1.0385540451472015,0.9369795918367353,0.4548195329087054,1.400744932652129
113.52857142857142,64.49256900212315,0.9288193091708578,0.6836326530612252,0.4165605095541407,0.9086288304733049
78.06938775510204,45.02335456475584,0.6559123095576258,0.40200000000000075,0.18118895966029766,1.1960331132203497
