Signal_HU,Noise_HU,CNR_HU,Signal_Kedge,Noise_Kedge,CNR_Kedge
101.26315789473684,23.272108843537413,1.6529114607494444,0.8263157894736846,0.097278911564626,4.25167616370458
89.05263157894737,19.17687074829932,1.4032094797786199,0.6915789473684216,0.2278911564625855,2.0789927967399096
68.84210526315789,19.537414965986393,1.0409860818704646,0.39789473684210597,0.10965986394557857,1.8342514806405228
69.42105263157895,22.687074829931973,1.0541293122133162,0.0189473684210526,0.051428571428571684,-0.4194256463516438
