Signal_HU,Noise_HU,CNR_HU,Signal_Kedge,Noise_Kedge,CNR_Kedge
560.287234,60.27686,10.654491,9.104468,0.338347,18.742996
117.1521739,62.7625,1.902478066,1.215,0.30925,4.503705611
122.1956522,71.67083333,1.775421027,1.225217391,0.3095,7.075502646
83.91304348,53,0.880297379,0.571521739,0.171916667,2.774344509
62.81521739,53.27916667,0.363052847,0.224565217,0.135,1.027045715
