Signal_HU,Noise_HU,CNR_HU,Signal_Kedge,Noise_Kedge,CNR_Kedge
123.9304347826087,72.61153846153846,1.673777005273803,1.4135652173913054,0.30846153846153884,7.602178706075173
104.6086956521739,60.753846153846155,1.4434751541137563,0.902782608695653,0.27169230769230823,4.5856306988339695
101.11304347826086,71.55,1.064298568567263,0.521217391304349,0.24723076923076961,1.7442579999343348
68.00869565217391,46.76923076923077,0.663556154560442,0.24434782608695713,0.08484615384615446,1.7503147588484975
